title,link,published,summary,source
Exploring the Future of Generative AI | Market Analysis - openPR.com,https://news.google.com/rss/articles/CBMikwFBVV95cUxQUGMxNWpwOE1OWnBZVFFVcV9wRE53M0tnSzBVNmZuMzdHNUhBb05qNFVTRnQ2VXB3c2RoUFNOYWkyQzJ4VHRfWmpHeGdNbjJNSFM5UEFwZ0hTVHpyVzRlTlBqUGRBRGwyNzBxdnd1N25MMDU4a01MXzdpeXNBVDhqUHV6S0w0aFFnZkd3Z1g0QkZmX3c?oc=5,"Mon, 28 Apr 2025 13:39:00 GMT","<a href=""https://news.google.com/rss/articles/CBMikwFBVV95cUxQUGMxNWpwOE1OWnBZVFFVcV9wRE53M0tnSzBVNmZuMzdHNUhBb05qNFVTRnQ2VXB3c2RoUFNOYWkyQzJ4VHRfWmpHeGdNbjJNSFM5UEFwZ0hTVHpyVzRlTlBqUGRBRGwyNzBxdnd1N25MMDU4a01MXzdpeXNBVDhqUHV6S0w0aFFnZkd3Z1g0QkZmX3c?oc=5"" target=""_blank"">Exploring the Future of Generative AI | Market Analysis</a>&nbsp;&nbsp;<font color=""#6f6f6f"">openPR.com</font>",openPR.com
AI Native Networking Platform Market Disruptions: Riding a High-Growth Wave Through 2030 at CAGR 27.73% - GlobeNewswire,https://news.google.com/rss/articles/CBMigwJBVV95cUxPVVRyWUoxN0ltQ0syeFdKSk5SemdxZTNSSk5xWS1qdE5wTGxnTnAyVGliTjlXQXRRRnJLUmsySG9oRVF0c0dPNGNkcXlyRWlRc2piVENELXExY21nOFJkM2xMU2tCQ0JxZUJWeHZrTzRzODBHTFVydUZqczZHZ09qUzFLZnVYb0prdGJRQXdvUzlUeC1OYlhVYU1DQm1keXlHd0RqVzBYZU5GQUh2aEx1bmRSVThSQTg5aWVOOGh6dW91WHVTSkw0aVI3MEE5MmMySkMwcDdmbzY0RTVCcmlkLWdORmRieEUtNGNFVHVvR3ZDaGFJeXZBSW5qM212YjI0d0NJ?oc=5,"Mon, 28 Apr 2025 13:32:39 GMT","<a href=""https://news.google.com/rss/articles/CBMigwJBVV95cUxPVVRyWUoxN0ltQ0syeFdKSk5SemdxZTNSSk5xWS1qdE5wTGxnTnAyVGliTjlXQXRRRnJLUmsySG9oRVF0c0dPNGNkcXlyRWlRc2piVENELXExY21nOFJkM2xMU2tCQ0JxZUJWeHZrTzRzODBHTFVydUZqczZHZ09qUzFLZnVYb0prdGJRQXdvUzlUeC1OYlhVYU1DQm1keXlHd0RqVzBYZU5GQUh2aEx1bmRSVThSQTg5aWVOOGh6dW91WHVTSkw0aVI3MEE5MmMySkMwcDdmbzY0RTVCcmlkLWdORmRieEUtNGNFVHVvR3ZDaGFJeXZBSW5qM212YjI0d0NJ?oc=5"" target=""_blank"">AI Native Networking Platform Market Disruptions: Riding a High-Growth Wave Through 2030 at CAGR 27.73%</a>&nbsp;&nbsp;<font color=""#6f6f6f"">GlobeNewswire</font>",GlobeNewswire
"AI market projected to hit $4.8 trillion by 2033, emerging as dominant frontier technology - UN Trade and Development (UNCTAD)",https://news.google.com/rss/articles/CBMipAFBVV95cUxPNE5DaWJMUGl3Rnc3UGhCdVhKS2hoaTVNMEw2OEFLUEdmZGltZU1BUUJRZklEbmVJTjdvbVFfNWJyLWlNTm1meFhlY1c0cVlybXNtTnJqemk1SnQ3Ql8weGp1TkdRV1JiZEM4Y2xXUkQ2ZVNxbmJSY09tM0xtcnRMZnpvd1o5LXMwZFlRaDF2Unp5eWFWeS0zQnJpNXNjUHhzLWRlVw?oc=5,"Mon, 07 Apr 2025 07:00:00 GMT","<a href=""https://news.google.com/rss/articles/CBMipAFBVV95cUxPNE5DaWJMUGl3Rnc3UGhCdVhKS2hoaTVNMEw2OEFLUEdmZGltZU1BUUJRZklEbmVJTjdvbVFfNWJyLWlNTm1meFhlY1c0cVlybXNtTnJqemk1SnQ3Ql8weGp1TkdRV1JiZEM4Y2xXUkQ2ZVNxbmJSY09tM0xtcnRMZnpvd1o5LXMwZFlRaDF2Unp5eWFWeS0zQnJpNXNjUHhzLWRlVw?oc=5"" target=""_blank"">AI market projected to hit $4.8 trillion by 2033, emerging as dominant frontier technology</a>&nbsp;&nbsp;<font color=""#6f6f6f"">UN Trade and Development (UNCTAD)</font>",UN Trade and Development (UNCTAD)
UK Artificial Intelligence (AI) Statistics And Trends In 2025 - Forbes,https://news.google.com/rss/articles/CBMimAFBVV95cUxNR3c3NlRldXRfcUU5M3VlZVpDMXBoTUdwY1FPMWZYcVM5OXhGUnRPcl9BcG0zbFRTTjFzeDZycWg4MTBFbXR4d2x2M2NSZ21jay0tVERaU2NVZldXeXNVVjRfdmo2RHlOMFVwYXRsRGRreTNNbVlmQ1JUWjNkNkNIblZZU2luZ1kwMDNfMnd5RnRERTd6dzhUcQ?oc=5,"Mon, 03 Mar 2025 08:00:00 GMT","<a href=""https://news.google.com/rss/articles/CBMimAFBVV95cUxNR3c3NlRldXRfcUU5M3VlZVpDMXBoTUdwY1FPMWZYcVM5OXhGUnRPcl9BcG0zbFRTTjFzeDZycWg4MTBFbXR4d2x2M2NSZ21jay0tVERaU2NVZldXeXNVVjRfdmo2RHlOMFVwYXRsRGRreTNNbVlmQ1JUWjNkNkNIblZZU2luZ1kwMDNfMnd5RnRERTd6dzhUcQ?oc=5"" target=""_blank"">UK Artificial Intelligence (AI) Statistics And Trends In 2025</a>&nbsp;&nbsp;<font color=""#6f6f6f"">Forbes</font>",Forbes
Stanford AI Lab SAIL Papers at NAACL 2025: Key Insights for Crypto Trading and AI Market Trends - Blockchain News,https://news.google.com/rss/articles/CBMixwFBVV95cUxPZWhPVC1ZRnlKbWRwMGxKX2VPLWxhVXpGaUwzS1JsYWY2S241SjFPNFhUd0lheEhDNTJMYVVIOFMxaXJkMFNrUV9tcjZHcnNnTzlGSDBCbEthSlNSZ1Jnb214d2luMDE2TTlkZ193amo5Yk1wTWVkQmt3VHJ4Y0FJengzMVJkUmJLVjhLSEs5TTdBNkhVWkhzTGxIY3JqU2ZxMTlFT0lLYTFSSlRSOWgtUFVXaXcyMTRxb0VHZGFSeDBzOU9JZFhR?oc=5,"Mon, 28 Apr 2025 19:45:56 GMT","<a href=""https://news.google.com/rss/articles/CBMixwFBVV95cUxPZWhPVC1ZRnlKbWRwMGxKX2VPLWxhVXpGaUwzS1JsYWY2S241SjFPNFhUd0lheEhDNTJMYVVIOFMxaXJkMFNrUV9tcjZHcnNnTzlGSDBCbEthSlNSZ1Jnb214d2luMDE2TTlkZ193amo5Yk1wTWVkQmt3VHJ4Y0FJengzMVJkUmJLVjhLSEs5TTdBNkhVWkhzTGxIY3JqU2ZxMTlFT0lLYTFSSlRSOWgtUFVXaXcyMTRxb0VHZGFSeDBzOU9JZFhR?oc=5"" target=""_blank"">Stanford AI Lab SAIL Papers at NAACL 2025: Key Insights for Crypto Trading and AI Market Trends</a>&nbsp;&nbsp;<font color=""#6f6f6f"">Blockchain News</font>",Blockchain News
Artificial Intelligence (AI) in Packaging Design Market Segments Analysis Report 2025-2034 - InsightAce Analytic,https://news.google.com/rss/articles/CBMiogFBVV95cUxPOGx2VHFiRzZZWnNTb2JDYUE3WGs1bTcwakRyTEpaV1JzYXJKZmZjTEdYMjY0UjdnVEYwcFZybW53M2RRZy1DX2JSNTE1Q3Y2c1hPVmZhc0h0X05yaFFFRmdyd0JiMFcxVVVHWUlzc1F5OVRPcjVVMTNzNnpHSmhnOGF3S2lMUFBjX2FUQmRPbUlNSk83NE1sSXEySzRGNjg2Q3c?oc=5,"Thu, 24 Apr 2025 09:16:38 GMT","<a href=""https://news.google.com/rss/articles/CBMiogFBVV95cUxPOGx2VHFiRzZZWnNTb2JDYUE3WGs1bTcwakRyTEpaV1JzYXJKZmZjTEdYMjY0UjdnVEYwcFZybW53M2RRZy1DX2JSNTE1Q3Y2c1hPVmZhc0h0X05yaFFFRmdyd0JiMFcxVVVHWUlzc1F5OVRPcjVVMTNzNnpHSmhnOGF3S2lMUFBjX2FUQmRPbUlNSk83NE1sSXEySzRGNjg2Q3c?oc=5"" target=""_blank"">Artificial Intelligence (AI) in Packaging Design Market Segments Analysis Report 2025-2034</a>&nbsp;&nbsp;<font color=""#6f6f6f"">InsightAce Analytic</font>",InsightAce Analytic
The state of AI: How organizations are rewiring to capture value - McKinsey & Company,https://news.google.com/rss/articles/CBMihgFBVV95cUxPVkNzT2lMcURPYXQxQmh0azdzbjVrNFktNzZFLTZacnFlR2xZYXczRnI4MHh2amsya2xOOEh1QURSbFUxU0ZUWGQ5WE5kVHJtbEFJb0NOdTNVUVhPeC1iVVJOZk1VbXpwLVBuYzVod0tMVmlYbVdzNjgwcF83MTVJTWNvVFRaZw?oc=5,"Wed, 12 Mar 2025 07:00:00 GMT","<a href=""https://news.google.com/rss/articles/CBMihgFBVV95cUxPVkNzT2lMcURPYXQxQmh0azdzbjVrNFktNzZFLTZacnFlR2xZYXczRnI4MHh2amsya2xOOEh1QURSbFUxU0ZUWGQ5WE5kVHJtbEFJb0NOdTNVUVhPeC1iVVJOZk1VbXpwLVBuYzVod0tMVmlYbVdzNjgwcF83MTVJTWNvVFRaZw?oc=5"" target=""_blank"">The state of AI: How organizations are rewiring to capture value</a>&nbsp;&nbsp;<font color=""#6f6f6f"">McKinsey & Company</font>",McKinsey & Company
Global AI market size 2030 - Statista,https://news.google.com/rss/articles/CBMickFVX3lxTE5OMU9oaTAyUjQ4TXV2QVhBbHl5TXN2OXZBQml4bEgtM2MzbVducE5YMVBURGxKeFpUZkxETkNnb1ZrcHhIeDJmNnd2ZWpVRUxSUHJCUGV0Um5kZmZCUUgySXBYU1FEUkhrZE44NUxHX05wdw?oc=5,"Thu, 28 Nov 2024 08:00:00 GMT","<a href=""https://news.google.com/rss/articles/CBMickFVX3lxTE5OMU9oaTAyUjQ4TXV2QVhBbHl5TXN2OXZBQml4bEgtM2MzbVducE5YMVBURGxKeFpUZkxETkNnb1ZrcHhIeDJmNnd2ZWpVRUxSUHJCUGV0Um5kZmZCUUgySXBYU1FEUkhrZE44NUxHX05wdw?oc=5"" target=""_blank"">Global AI market size 2030</a>&nbsp;&nbsp;<font color=""#6f6f6f"">Statista</font>",Statista
Top 19 AI Newsletters for 2025 - Exploding Topics,https://news.google.com/rss/articles/CBMiW0FVX3lxTE5WSTVvWUhTTVZiby0xRG5lcmg2NEZlaDFMSk1lN0x2Ynp5YV9YMnBDbENydEljSV91QWd2SWFqbkhOcEVXVUlmSnhxNFF4ZkdqYk9IMmtVY2VBeGc?oc=5,"Fri, 25 Apr 2025 07:00:00 GMT","<a href=""https://news.google.com/rss/articles/CBMiW0FVX3lxTE5WSTVvWUhTTVZiby0xRG5lcmg2NEZlaDFMSk1lN0x2Ynp5YV9YMnBDbENydEljSV91QWd2SWFqbkhOcEVXVUlmSnhxNFF4ZkdqYk9IMmtVY2VBeGc?oc=5"" target=""_blank"">Top 19 AI Newsletters for 2025</a>&nbsp;&nbsp;<font color=""#6f6f6f"">Exploding Topics</font>",Exploding Topics
"AI Consulting Market Size, Share | CAGR of 21.6% - Market.us",https://news.google.com/rss/articles/CBMiWkFVX3lxTE9rdnRkQWtJUUVscE15N1VYQmtXNVRYLXlhakwwUk9rQ2paQ19LUG1HYm1wUGk3OFJoaTU3T3FmUkNIQnVmYklQdEM5eTFqMG5jbUdHbWZJUUFxUQ?oc=5,"Mon, 28 Apr 2025 12:44:39 GMT","<a href=""https://news.google.com/rss/articles/CBMiWkFVX3lxTE9rdnRkQWtJUUVscE15N1VYQmtXNVRYLXlhakwwUk9rQ2paQ19LUG1HYm1wUGk3OFJoaTU3T3FmUkNIQnVmYklQdEM5eTFqMG5jbUdHbWZJUUFxUQ?oc=5"" target=""_blank"">AI Consulting Market Size, Share | CAGR of 21.6%</a>&nbsp;&nbsp;<font color=""#6f6f6f"">Market.us</font>",Market.us
​​Palantir Q1 2025 earnings preview | AI growth in focus​ - ig.com,https://news.google.com/rss/articles/CBMiwwFBVV95cUxPZ1dxdWwyUWFJbDlqRVA1OUI4OWxkLWdWOHhFMDZub3BDbFlVcEpsY0h2UjV6QmI3UW9icVVFZVpya0N4cVZXS0RSMkhnbFZCeWxtaTRFalFlRTVqV1p6ZUlENWJRNExDRWtaWlJJZlpzcWNXcFBhcFRUbXBLdnFrWi1tczVZYlIzSlFseGprQ3d4UGYyckdFaGFSNG81VnVUTjlyd0RGWi00YTMtZWVmZW5vWnhtU2ctYW9HNTRuVVFfS2M?oc=5,"Thu, 24 Apr 2025 05:23:09 GMT","<a href=""https://news.google.com/rss/articles/CBMiwwFBVV95cUxPZ1dxdWwyUWFJbDlqRVA1OUI4OWxkLWdWOHhFMDZub3BDbFlVcEpsY0h2UjV6QmI3UW9icVVFZVpya0N4cVZXS0RSMkhnbFZCeWxtaTRFalFlRTVqV1p6ZUlENWJRNExDRWtaWlJJZlpzcWNXcFBhcFRUbXBLdnFrWi1tczVZYlIzSlFseGprQ3d4UGYyckdFaGFSNG81VnVUTjlyd0RGWi00YTMtZWVmZW5vWnhtU2ctYW9HNTRuVVFfS2M?oc=5"" target=""_blank"">​​Palantir Q1 2025 earnings preview | AI growth in focus​</a>&nbsp;&nbsp;<font color=""#6f6f6f"">ig.com</font>",ig.com
"AI Chips for Data Centers and Cloud 2025-2035: Technologies, Market, Forecasts - IDTechEx",https://news.google.com/rss/articles/CBMijAFBVV95cUxQWmMwQVZrXzk4ZVVDY1A1c3hpVHl1V3hLSDFSekczUVZUSmQtODEzbkMzU2N5cEIzY1RsRkN6ejN1TmRiTVNocDJRbThtUEhmcmx0aDNDNVU1a0RJLU51RjV6cWYyWVJqa0syWlh0UG1sWFEzWTNxU280SmlhYUR2eXJQdFBoTjFsLW9EZQ?oc=5,"Fri, 25 Apr 2025 14:53:34 GMT","<a href=""https://news.google.com/rss/articles/CBMijAFBVV95cUxQWmMwQVZrXzk4ZVVDY1A1c3hpVHl1V3hLSDFSekczUVZUSmQtODEzbkMzU2N5cEIzY1RsRkN6ejN1TmRiTVNocDJRbThtUEhmcmx0aDNDNVU1a0RJLU51RjV6cWYyWVJqa0syWlh0UG1sWFEzWTNxU280SmlhYUR2eXJQdFBoTjFsLW9EZQ?oc=5"" target=""_blank"">AI Chips for Data Centers and Cloud 2025-2035: Technologies, Market, Forecasts</a>&nbsp;&nbsp;<font color=""#6f6f6f"">IDTechEx</font>",IDTechEx
AI’s Next Leap: 5 Trends Shaping Innovation and ROI - Morgan Stanley,https://news.google.com/rss/articles/CBMilwFBVV95cUxPUGFUUjBPN0pDaG1MSUc0UTV2VDl3ZjJxMkVfQ3B6SzhKRFp2Q1J4OEdJaFVHbjFJdlBJSmRIMDBEbmNWWjhQdXIzNDlxdmxWMUhHc2wtalVXVGJnZHc4UzBxNHhiYjI3aEVZcU04czVhWTBYS0tVZWZqSl9Cb25ocHNrVk00Tm14RnlYY0xnRDJyeHQ0X3JZ?oc=5,"Thu, 20 Mar 2025 07:00:00 GMT","<a href=""https://news.google.com/rss/articles/CBMilwFBVV95cUxPUGFUUjBPN0pDaG1MSUc0UTV2VDl3ZjJxMkVfQ3B6SzhKRFp2Q1J4OEdJaFVHbjFJdlBJSmRIMDBEbmNWWjhQdXIzNDlxdmxWMUhHc2wtalVXVGJnZHc4UzBxNHhiYjI3aEVZcU04czVhWTBYS0tVZWZqSl9Cb25ocHNrVk00Tm14RnlYY0xnRDJyeHQ0X3JZ?oc=5"" target=""_blank"">AI’s Next Leap: 5 Trends Shaping Innovation and ROI</a>&nbsp;&nbsp;<font color=""#6f6f6f"">Morgan Stanley</font>",Morgan Stanley
"Australia Generative AI Market Size Worth USD 1,247.6 Million by 2033 | CAGR: 17.5% - openPR.com",https://news.google.com/rss/articles/CBMingFBVV95cUxPRk53aXNDNlZSRFpIZlFfbkhYd1RraGhhRjJJT1dXWjRfYjRpTUhqUm1YR1BxSjk3WmdOd2pqOHhXRFk3RFdCaDRvd1dMUFdKZHRBU2NEM1BGdlZwbndZYVNQSVQ1d0tnalF4TWQ5TWJKTXdTTEdvdVRDSFI2c2NaWTVpYVAwbnhQT3c1WVIwb2poYUY1WHBGWm41XzFPUQ?oc=5,"Mon, 28 Apr 2025 11:07:00 GMT","<a href=""https://news.google.com/rss/articles/CBMingFBVV95cUxPRk53aXNDNlZSRFpIZlFfbkhYd1RraGhhRjJJT1dXWjRfYjRpTUhqUm1YR1BxSjk3WmdOd2pqOHhXRFk3RFdCaDRvd1dMUFdKZHRBU2NEM1BGdlZwbndZYVNQSVQ1d0tnalF4TWQ5TWJKTXdTTEdvdVRDSFI2c2NaWTVpYVAwbnhQT3c1WVIwb2poYUY1WHBGWm41XzFPUQ?oc=5"" target=""_blank"">Australia Generative AI Market Size Worth USD 1,247.6 Million by 2033 | CAGR: 17.5%</a>&nbsp;&nbsp;<font color=""#6f6f6f"">openPR.com</font>",openPR.com
AI in Mental Health Market Size Set to Grow USD 11.84 Billion by 2034 at 24.15% CAGR - GlobeNewswire,https://news.google.com/rss/articles/CBMi6wFBVV95cUxNREtpQmhvVHVob3dRSkJ6eHdseXNUZXJMeXJRMm5nVEhuOFFDeENGRVdkQUVWY0x2eHI4VDFfdjMyODUzTGJycExCelI0LS1TUHpEMmZyaDhhWFN4aDM2MlRRSDBWZHBiZkpDWEMzVlA1RjY4dXJCSGk0NFh1czl0RlVxMnV4OFJCTUxhVU40ZzRuZVZ0d2NMUmRWNmtjdlRiQ1E4QTlHY2dTRG01SW11X3pUZHhvMzFqQUhZMUtqRmY5MXRiWmVsQU1JZS12V29KeU5Tc2pDNUZ4RWtqb3UtLTByakJPQjNBYkN3?oc=5,"Thu, 24 Apr 2025 14:32:41 GMT","<a href=""https://news.google.com/rss/articles/CBMi6wFBVV95cUxNREtpQmhvVHVob3dRSkJ6eHdseXNUZXJMeXJRMm5nVEhuOFFDeENGRVdkQUVWY0x2eHI4VDFfdjMyODUzTGJycExCelI0LS1TUHpEMmZyaDhhWFN4aDM2MlRRSDBWZHBiZkpDWEMzVlA1RjY4dXJCSGk0NFh1czl0RlVxMnV4OFJCTUxhVU40ZzRuZVZ0d2NMUmRWNmtjdlRiQ1E4QTlHY2dTRG01SW11X3pUZHhvMzFqQUhZMUtqRmY5MXRiWmVsQU1JZS12V29KeU5Tc2pDNUZ4RWtqb3UtLTByakJPQjNBYkN3?oc=5"" target=""_blank"">AI in Mental Health Market Size Set to Grow USD 11.84 Billion by 2034 at 24.15% CAGR</a>&nbsp;&nbsp;<font color=""#6f6f6f"">GlobeNewswire</font>",GlobeNewswire
​​Palantir Q1 2025 earnings preview | AI growth in focus​ - ig.com,https://news.google.com/rss/articles/CBMisgFBVV95cUxOZGhTbUxFNU1EMXdqcm1zUHM3REFPS3BDSkZUaks5X3pETXlwQWlUczk2TVNoRDlsMEdwY3ZidEJLV2Y1ejNrTVJGZ2s2NDd0TjVVZFpSQTVhYkp0dC1RUXhZVThkQzVmc1RlbVlDdDY0dWtZRGhZWkJFSEVVRENTWFpLRVFTZVp4bUs4dTJfQXM1OWF4Y1RxNWFQZG1kckc5MTlCaFJWWFFyRy1KcS1KU21B?oc=5,"Wed, 23 Apr 2025 13:19:05 GMT","<a href=""https://news.google.com/rss/articles/CBMisgFBVV95cUxOZGhTbUxFNU1EMXdqcm1zUHM3REFPS3BDSkZUaks5X3pETXlwQWlUczk2TVNoRDlsMEdwY3ZidEJLV2Y1ejNrTVJGZ2s2NDd0TjVVZFpSQTVhYkp0dC1RUXhZVThkQzVmc1RlbVlDdDY0dWtZRGhZWkJFSEVVRENTWFpLRVFTZVp4bUs4dTJfQXM1OWF4Y1RxNWFQZG1kckc5MTlCaFJWWFFyRy1KcS1KU21B?oc=5"" target=""_blank"">​​Palantir Q1 2025 earnings preview | AI growth in focus​</a>&nbsp;&nbsp;<font color=""#6f6f6f"">ig.com</font>",ig.com
AI in Energy Market Future Trend and Analysis of Key Segments - openPR.com,https://news.google.com/rss/articles/CBMingFBVV95cUxOaUpuRXA5Z04tM1JNakNfV010Rm52SEF6elIyTjJJZ2JMUTM3a1BYS3pvek56dVROTDRUYUFGbi1mY3VLeG1tRE81Z0VidldnSksyX2JZUDVtOHFBODRUeG5UbGEzbEZUQm9heU9UMDhUTkRRVW9jREJaT3BwT1EyU1JhV3FkelJvMDBxYTRYeEJJZGZramU3MWFkMVJFZw?oc=5,"Mon, 28 Apr 2025 11:09:00 GMT","<a href=""https://news.google.com/rss/articles/CBMingFBVV95cUxOaUpuRXA5Z04tM1JNakNfV010Rm52SEF6elIyTjJJZ2JMUTM3a1BYS3pvek56dVROTDRUYUFGbi1mY3VLeG1tRE81Z0VidldnSksyX2JZUDVtOHFBODRUeG5UbGEzbEZUQm9heU9UMDhUTkRRVW9jREJaT3BwT1EyU1JhV3FkelJvMDBxYTRYeEJJZGZramU3MWFkMVJFZw?oc=5"" target=""_blank"">AI in Energy Market Future Trend and Analysis of Key Segments</a>&nbsp;&nbsp;<font color=""#6f6f6f"">openPR.com</font>",openPR.com
Explainable AI Market Reach USD 39.6 Billion by 2033 Growing at 20.3% CAGR Globally - openPR.com,https://news.google.com/rss/articles/CBMinAFBVV95cUxPSU40OUs1MGxIYVltOVZGUWw2dkROMVpEdjdGMVE4aXRmM005dzAzbVlWcGJieTFac1JNSDJqNDRXZTBJRENzeE9YTGoxRkVIRnRvVmhrRWllZ0h0THNRNC1XbEFPT25LWE4xSkpHUGdCckhGTUhVTUd6UFhibDN3SXJfWVMtV2pVVFlkdTIzMnRCQ21mTFdWUlpWT3c?oc=5,"Mon, 28 Apr 2025 12:50:00 GMT","<a href=""https://news.google.com/rss/articles/CBMinAFBVV95cUxPSU40OUs1MGxIYVltOVZGUWw2dkROMVpEdjdGMVE4aXRmM005dzAzbVlWcGJieTFac1JNSDJqNDRXZTBJRENzeE9YTGoxRkVIRnRvVmhrRWllZ0h0THNRNC1XbEFPT25LWE4xSkpHUGdCckhGTUhVTUd6UFhibDN3SXJfWVMtV2pVVFlkdTIzMnRCQ21mTFdWUlpWT3c?oc=5"" target=""_blank"">Explainable AI Market Reach USD 39.6 Billion by 2033 Growing at 20.3% CAGR Globally</a>&nbsp;&nbsp;<font color=""#6f6f6f"">openPR.com</font>",openPR.com
"AI in Wound Care Market Size, Trends, and Demand Forecast | Scope By 2032 - openPR.com",https://news.google.com/rss/articles/CBMingFBVV95cUxOVmhGdkhHdVcwQ1BBVEVPWHVXUlR1NXRqLTFEMklTZFBpUi1Zc3VOWFdYZzVXQVFRb3dUcWZjbklQYWRHeFltSk90d2o2c0JaNTJTa3JNc0hnOE5RMXYtRkwydUpnX2p0MTNfT3U0cVdGbUtacE1vRTBFU0dKNmh5NEhRLVpCOVE4cjJldEJPaFdadkY2MUstallCTF9OUQ?oc=5,"Mon, 28 Apr 2025 03:00:00 GMT","<a href=""https://news.google.com/rss/articles/CBMingFBVV95cUxOVmhGdkhHdVcwQ1BBVEVPWHVXUlR1NXRqLTFEMklTZFBpUi1Zc3VOWFdYZzVXQVFRb3dUcWZjbklQYWRHeFltSk90d2o2c0JaNTJTa3JNc0hnOE5RMXYtRkwydUpnX2p0MTNfT3U0cVdGbUtacE1vRTBFU0dKNmh5NEhRLVpCOVE4cjJldEJPaFdadkY2MUstallCTF9OUQ?oc=5"" target=""_blank"">AI in Wound Care Market Size, Trends, and Demand Forecast | Scope By 2032</a>&nbsp;&nbsp;<font color=""#6f6f6f"">openPR.com</font>",openPR.com
"Legal AI Market Sector Trends, Market Growth Drivers & Key Forecasts 2025-2035 - openPR.com",https://news.google.com/rss/articles/CBMilgFBVV95cUxPbERhbVJ1V0p6amFySnhnVEs1YjZobzdKY0NGTVN6eTZ3SkkyQWxPLXJrT2EwbUFRX3RKemhzMnU5bWFKX2hLOG9SaGtTM0dPVkhSdHFtYmRPWUhKcENNbmNvVHdnNno3QzhBY2tyYmJ0cU9tdXhRMEtSSldqN25udzVJX2c0enFFV2VmQW51b3l5M09Rcnc?oc=5,"Sat, 26 Apr 2025 08:23:00 GMT","<a href=""https://news.google.com/rss/articles/CBMilgFBVV95cUxPbERhbVJ1V0p6amFySnhnVEs1YjZobzdKY0NGTVN6eTZ3SkkyQWxPLXJrT2EwbUFRX3RKemhzMnU5bWFKX2hLOG9SaGtTM0dPVkhSdHFtYmRPWUhKcENNbmNvVHdnNno3QzhBY2tyYmJ0cU9tdXhRMEtSSldqN25udzVJX2c0enFFV2VmQW51b3l5M09Rcnc?oc=5"" target=""_blank"">Legal AI Market Sector Trends, Market Growth Drivers & Key Forecasts 2025-2035</a>&nbsp;&nbsp;<font color=""#6f6f6f"">openPR.com</font>",openPR.com
